Komoditas;Tanggal;Harga
Cabai Merah;04/01/2021;57.5
Cabai Merah;05/01/2021;57.35
Cabai Merah;06/01/2021;56.35
Cabai Merah;07/01/2021;55.9
Cabai Merah;08/01/2021;54.9
Cabai Merah;11/01/2021;52.85
Cabai Merah;12/01/2021;52.65
Cabai Merah;13/01/2021;51.8
Cabai Merah;14/01/2021;51.25
Cabai Merah;15/01/2021;51.35
Cabai Merah;18/01/2021;52.4
Cabai Merah;19/01/2021;52.05
Cabai Merah;20/01/2021;51.55
Cabai Merah;21/01/2021;50.55
Cabai Merah;22/01/2021;49.7
Cabai Merah;25/01/2021;47.6
Cabai Merah;26/01/2021;47.55
Cabai Merah;27/01/2021;46.95
Cabai Merah;28/01/2021;46.7
Cabai Merah;29/01/2021;47.65
Cabai Merah;01/02/2021;48.35
Cabai Merah;02/02/2021;49.25
Cabai Merah;03/02/2021;50.3
Cabai Merah;04/02/2021;50.55
Cabai Merah;05/02/2021;50.8
Cabai Merah;08/02/2021;50.85
Cabai Merah;09/02/2021;50.75
Cabai Merah;10/02/2021;50.25
Cabai Merah;11/02/2021;50.75
Cabai Merah;12/02/2021;43.15
Cabai Merah;15/02/2021;49.05
Cabai Merah;16/02/2021;48.35
Cabai Merah;17/02/2021;48.2
Cabai Merah;18/02/2021;48
Cabai Merah;19/02/2021;47.6
Cabai Merah;22/02/2021;47.1
Cabai Merah;23/02/2021;46.6
Cabai Merah;24/02/2021;46.4
Cabai Merah;25/02/2021;46.35
Cabai Merah;26/02/2021;46.5
Cabai Merah;01/03/2021;46.8
Cabai Merah;02/03/2021;47.05
Cabai Merah;03/03/2021;47.4
Cabai Merah;04/03/2021;47.2
Cabai Merah;05/03/2021;47.55
Cabai Merah;08/03/2021;47.95
Cabai Merah;09/03/2021;48.4
Cabai Merah;10/03/2021;48.3
Cabai Merah;11/03/2021;69.55
Cabai Merah;12/03/2021;48.65
Cabai Merah;15/03/2021;49.4
Cabai Merah;16/03/2021;49.3
Cabai Merah;17/03/2021;49.35
Cabai Merah;18/03/2021;49.3
Cabai Merah;19/03/2021;49.2
Cabai Merah;22/03/2021;48.95
Cabai Merah;23/03/2021;48.9
Cabai Merah;24/03/2021;49.3
Cabai Merah;25/03/2021;49.5
Cabai Merah;26/03/2021;49.95
Cabai Merah;29/03/2021;50.2
Cabai Merah;30/03/2021;50.05
Cabai Merah;31/03/2021;50.2
Cabai Merah;01/04/2021;50.1
Cabai Merah;02/04/2021;51.9
Cabai Merah;05/04/2021;50.95
Cabai Merah;06/04/2021;51
Cabai Merah;07/04/2021;50.65
Cabai Merah;08/04/2021;50.75
Cabai Merah;09/04/2021;50.4
Cabai Merah;12/04/2021;52.35
Cabai Merah;13/04/2021;52.05
Cabai Merah;14/04/2021;52.85
Cabai Merah;15/04/2021;53.25
Cabai Merah;16/04/2021;52.65
Cabai Merah;19/04/2021;50.05
Cabai Merah;20/04/2021;49.25
Cabai Merah;21/04/2021;48.6
Cabai Merah;22/04/2021;47.25
Cabai Merah;23/04/2021;46.2
Cabai Merah;26/04/2021;43.1
Cabai Merah;27/04/2021;42
Cabai Merah;28/04/2021;41.4
Cabai Merah;29/04/2021;40.7
Cabai Merah;30/04/2021;40.15
Cabai Merah;03/05/2021;39.9
Cabai Merah;04/05/2021;40.15
Cabai Merah;05/05/2021;40.3
Cabai Merah;06/05/2021;40.95
Cabai Merah;07/05/2021;41.1
Cabai Merah;10/05/2021;47.5
Cabai Merah;11/05/2021;48.5
Cabai Merah;17/05/2021;45.35
Cabai Merah;18/05/2021;43.5
Cabai Merah;19/05/2021;42
Cabai Merah;20/05/2021;40.45
Cabai Merah;21/05/2021;39.5
Cabai Merah;24/05/2021;37.2
Cabai Merah;25/05/2021;36.85
Cabai Merah;26/05/2021;38.85
