Komoditas,Tanggal,Harga
Cabai Merah,7/3/2022,54
Cabai Merah,8/3/2022,54
Cabai Merah,9/3/2022,53
Cabai Merah,10/3/2022,53
Cabai Merah,11/3/2022,53
Cabai Merah,14/03/2022,54
Cabai Merah,15/03/2022,54
Cabai Merah,16/03/2022,54
Cabai Merah,17/03/2022,54
Cabai Merah,18/03/2022,55
Cabai Merah,21/03/2022,54
Cabai Merah,22/03/2022,54
Cabai Merah,23/03/2022,54
Cabai Merah,24/03/2022,53
Cabai Merah,25/03/2022,52
Cabai Merah,28/03/2022,52
Cabai Merah,29/03/2022,50
Cabai Merah,30/03/2022,51
Cabai Merah,31/03/2022,51
Cabai Merah,1/4/2022,51
Cabai Merah,4/4/2022,56
Cabai Merah,5/4/2022,56
Cabai Merah,6/4/2022,55
Cabai Merah,7/4/2022,54
Cabai Merah,8/4/2022,53
Cabai Merah,11/4/2022,51
Cabai Merah,12/4/2022,50
Cabai Merah,13/04/2022,49
Cabai Merah,14/04/2022,47
Cabai Merah,15/04/2022,45
Cabai Merah,18/04/2022,45
Cabai Merah,19/04/2022,45
Cabai Merah,20/04/2022,44
Cabai Merah,21/04/2022,44
Cabai Merah,22/04/2022,43
Cabai Merah,25/04/2022,45
Cabai Merah,26/04/2022,46
Cabai Merah,27/04/2022,47
Cabai Merah,28/04/2022,49
Cabai Merah,29/04/2022,46
Cabai Merah,4/5/2022,53
Cabai Merah,5/5/2022,78
Cabai Merah,6/5/2022,80
Cabai Merah,9/5/2022,45
Cabai Merah,10/5/2022,45
Cabai Merah,11/5/2022,44
Cabai Merah,12/5/2022,44
Cabai Merah,13/05/2022,43
Cabai Merah,16/05/2022,51
Cabai Merah,17/05/2022,44
Cabai Merah,18/05/2022,45
Cabai Merah,19/05/2022,45
Cabai Merah,20/05/2022,46
Cabai Merah,23/05/2022,47
Cabai Merah,24/05/2022,48
Cabai Merah,25/05/2022,48
Cabai Merah,27/05/2022,50
Cabai Merah,30/05/2022,53
Cabai Merah,31/05/2022,54
Cabai Merah,2/6/2022,55
Cabai Merah,3/6/2022,55
Cabai Merah,6/6/2022,57
Cabai Merah,7/6/2022,58
Cabai Merah,8/6/2022,60
Cabai Merah,9/6/2022,62
Cabai Merah,10/6/2022,63
Cabai Merah,13/06/2022,68
Cabai Merah,14/06/2022,70
Cabai Merah,15/06/2022,71
Cabai Merah,16/06/2022,71
Cabai Merah,17/06/2022,72
Cabai Merah,20/06/2022,73
Cabai Merah,21/06/2022,73
Cabai Merah,22/06/2022,73
Cabai Merah,23/06/2022,73
Cabai Merah,24/06/2022,73
Cabai Merah,27/06/2022,76
Cabai Merah,28/06/2022,75
Cabai Merah,29/06/2022,74
Cabai Merah,30/06/2022,74
Cabai Merah,1/7/2022,75
Cabai Merah,4/7/2022,78
Cabai Merah,5/7/2022,80
Cabai Merah,6/7/2022,80
Cabai Merah,7/7/2022,80
Cabai Merah,8/7/2022,82
Cabai Merah,11/7/2022,87
Cabai Merah,12/7/2022,89
Cabai Merah,13/07/2022,87
Cabai Merah,14/07/2022,84
Cabai Merah,15/07/2022,83
Cabai Merah,18/07/2022,81
Cabai Merah,19/07/2022,80
Cabai Merah,20/07/2022,80
Cabai Merah,21/07/2022,78
Cabai Merah,22/07/2022,77
Cabai Merah,25/07/2022,75
Cabai Merah,26/07/2022,75
Cabai Merah,27/07/2022,73
Cabai Merah,28/07/2022,74
,,
,,
,,
,,
,,
,,
,,
,,
,,
,,
,,
,,
,,
,,
,,
,,
,,
,,
,,
,,
,,
,,
,,
,,
,,
,,
,,
,,
,,
,,
,,
,,
,,
,,
,,
,,
,,
,,
,,
,,
,,
,,
,,
,,
,,
,,
,,
,,
,,
,,
,,
,,
,,
,,
,,
,,
,,
,,
,,
,,
,,
,,
,,
,,
,,
,,
,,
,,
,,
,,
,,
,,
,,
,,
,,
,,
,,
,,
,,
,,
,,
,,
,,
,,
,,
,,
,,
,,
,,
,,
,,
,,
,,
,,
,,
,,
,,
,,
,,
,,
,,
,,
,,
,,
,,
,,
,,
,,
,,
,,
,,
,,
,,
,,
,,
,,
,,
,,
,,
,,
,,
,,
,,
,,
,,
,,
,,
,,
,,
,,
,,
,,
,,
,,
,,
,,
,,
,,
,,
,,
,,
,,
,,
,,
,,
,,
,,
,,
,,
,,
,,
,,
,,
,,
,,
,,
,,
,,
,,
,,
,,
,,
,,
,,
,,
,,
,,
,,
,,
,,
,,
,,
,,
,,
,,
,,
,,
,,
,,
,,
,,
,,
,,
,,
,,
,,
,,
,,
,,
,,
,,
,,
,,
,,
,,
,,
,,
,,
,,
,,
,,
,,
,,
,,
,,
,,
,,
,,
,,
,,
,,
,,
,,
,,
,,
,,
,,
,,
,,
,,
,,
,,
,,
,,
,,
,,
,,
,,
,,
,,
,,
,,
,,
,,
,,
,,
,,
,,
,,
,,
,,
,,
,,
,,
,,
,,
,,
,,
,,
,,
,,
,,
,,
,,
,,
,,
,,
,,
,,
,,
,,
,,
,,
,,
,,
,,
,,
,,
,,
,,
,,
,,
,,
,,
,,
,,
,,
,,
,,
,,
,,
,,
,,
,,
,,
,,
,,
,,
,,
,,
,,
,,
,,
,,
,,
,,
,,
,,
,,
,,
,,
,,
,,
,,
,,
,,
,,
,,
,,
,,
,,
,,
,,
,,
,,
,,
,,
,,
,,
,,
,,
,,
,,
,,
,,
,,
,,
,,
,,
,,
,,
,,
,,
,,
,,
,,
,,
,,
,,
,,
,,
,,
,,
,,
,,
,,
,,
,,
,,
,,
,,
,,
,,
,,
,,
,,
,,
,,
,,
,,
,,
,,
,,
,,
,,
,,
,,
,,
,,
,,
,,
,,
,,
,,
,,
,,
,,
,,
,,
,,
,,
,,
,,
,,
,,
,,
,,
,,
,,
,,
,,
,,
,,
,,
,,
,,
,,
,,
,,
,,
,,
,,
,,
,,
,,
,,
,,
,,
,,
,,
,,
,,
,,
,,
,,
,,
,,
,,
,,
,,
,,
,,
,,
,,
,,
,,
,,
,,
,,
,,
,,
,,
,,
,,
,,
,,
,,
,,
,,
,,
,,
,,
,,
,,
,,
,,
,,
,,
,,
,,
,,
,,
,,
,,
,,
,,
,,
,,
,,
,,
,,
,,
,,
,,
,,
,,
,,
,,
,,
,,
,,
,,
,,
,,
,,
,,
,,
,,
,,
,,
,,
,,
,,
,,
,,
,,
,,
,,
,,
,,
,,
,,
,,
,,
,,
,,
,,
,,
,,
,,
,,
,,
,,
,,
,,
,,
,,
,,
,,
,,
,,
,,
,,
,,
,,
,,
,,
,,
,,
,,
,,
,,
,,
,,
,,
,,
,,
,,
,,
,,
,,
,,
,,
,,
,,
,,
,,
,,
,,
,,
,,
,,
,,
,,
,,
,,
,,
,,
,,
,,
,,
,,
,,
,,
,,
,,
,,
,,
,,
,,
,,
,,
,,
,,
,,
,,
,,
,,
,,
,,
,,
,,
,,
,,
,,
,,
,,
,,
,,
,,
,,
,,
,,
,,
,,
,,
,,
,,
,,
,,
,,
,,
,,
,,
,,
,,
,,
,,
,,
,,
,,
,,
,,
,,
,,
,,
,,
,,
,,
,,
,,
,,
,,
,,
,,
,,
,,
,,
,,
,,
,,
,,
,,
,,
,,
,,
,,
,,
,,
,,
,,
,,
,,
,,
,,
,,
,,
,,
,,
,,
,,
,,
,,
,,
,,
,,
,,
,,
,,
,,
,,
,,
,,
,,
,,
,,
,,
,,
,,
,,
,,
,,
,,
,,
,,
,,
,,
,,
,,
,,
,,
,,
,,
,,
,,
,,
,,
,,
,,
,,
,,
,,
,,
,,
,,
,,
,,
,,
,,
,,
,,
,,
,,
,,
,,
,,
,,
,,
,,
,,
,,
,,
,,
,,
,,
,,
,,
,,
,,
,,
,,
,,
,,
,,
,,
,,
,,
,,
,,
,,
,,
,,
,,
,,
,,
,,
,,
,,
,,
,,
,,
,,
,,
,,
,,
,,
,,
,,
,,
,,
,,
,,
,,
,,
,,
,,
,,
,,
,,
,,
,,
,,
,,
,,
,,
,,
,,
,,
,,
,,
,,
,,
,,
,,
,,
,,
,,
,,
,,
,,
,,
,,
,,
,,
,,
,,
,,
,,
,,
,,
,,
,,
,,
,,
,,
,,
,,
,,
,,
,,
,,
,,
,,
,,
,,
,,
,,
,,
,,
,,
,,
,,
,,
,,
,,
,,
,,
,,
,,
,,
,,
,,
,,
,,
,,
,,
,,
,,
,,
,,
,,
,,
,,
,,
,,
,,
,,
,,
,,
,,
,,
,,
,,
,,
,,
,,
,,
,,
,,
,,
,,
,,
,,
,,
,,
,,
,,
,,
,,
,,
,,
,,
,,
,,
,,
,,
,,
,,
,,
,,
,,
,,
,,
,,
,,
,,
,,
,,
,,
,,
,,
,,
,,
,,
,,
,,
,,
,,
,,
,,
,,
,,
,,
,,
,,
,,
,,
,,
,,
,,
,,
,,
,,
,,
,,
,,
,,
,,
,,
,,
,,
,,
,,
,,
,,
,,
,,
,,
,,
,,
,,
,,
,,
,,
,,
,,
,,
,,
,,
,,
,,
,,
,,
,,
,,
,,
,,
,,
,,
,,
,,
,,
,,
,,
,,
,,
,,
,,
,,
,,
,,
,,
,,
,,
,,
,,
,,
,,
,,
,,
,,
,,
,,
,,
,,
,,
,,
,,
,,
,,
,,
,,
,,
,,
,,
,,
,,
,,
,,
,,
,,
,,
,,
,,
,,
,,
,,
,,
,,
,,
,,
,,
,,
,,
,,
,,
,,
,,
,,
,,
,,
,,
,,
,,
,,
,,
,,
,,
,,
,,
,,
,,
,,
,,
,,
,,
,,
,,
,,
,,
,,
,,
,,
,,
,,
,,
,,
,,
,,
,,
,,
,,
,,
,,
,,
,,
,,
,,
,,
,,
,,
,,
,,
,,
,,
,,
,,
,,
,,
,,
,,
,,
,,
,,
,,
,,
,,
,,
,,
,,
,,
,,
,,
,,
,,
,,
,,
,,
,,
,,
,,
,,
,,
,,
,,
,,
,,
,,
,,
,,
,,
,,
,,
,,
,,
,,
,,
,,
,,
,,
,,
,,
,,
,,
,,
,,
,,
,,
,,
,,
,,
,,
,,
,,
,,
,,
,,
,,
,,
,,
,,
,,
,,
,,
,,
,,
,,
,,
,,
,,
,,
,,
,,
,,
,,
,,
,,
,,
,,
,,
,,
,,
,,
,,
,,
,,
,,
,,
,,
,,
,,
,,
,,
,,
,,
,,
,,
,,
,,
,,
,,
,,
,,
,,
,,
,,
,,
,,
,,
,,
,,
,,
,,
,,
,,
,,
,,
,,
,,
,,
,,
,,
,,
,,
,,
,,
,,
,,
,,
,,
,,
,,
,,
,,
,,
,,
,,
,,
,,
,,
,,
